id,Name,Date (UTC),Description,Url,Tax Code
prod_TBlmyJtAMo8KA3,Emergency Support,2025-10-06 23:55,Urgent technical support and issue resolution,,
prod_TB3Cd4BRUNsGfq,Feature Development,2025-10-05 01:50,Custom feature development and implementation,,
prod_TB1zC7d9R8jKJP,Technical Consultation,2025-10-05 00:36,Technical architecture consultation and guidance,,
prod_TB1mGzNVVjAmK7,Emergency Support,2025-10-05 00:22,Urgent technical support and issue resolution,,
prod_TB1ll0XNtdPuIi,Feature Development,2025-10-05 00:22,Custom feature development and implementation,,
prod_TB02US7jq1g8xU,Feature Development,2025-10-04 22:34,Custom feature development and implementation,,
prod_TB01Hz2mlgpbys,Feature Development,2025-10-04 22:34,Custom feature development and implementation,,
prod_TAzgEXS56h9QKQ,Emergency Support,2025-10-04 22:12,Urgent technical support and issue resolution,,
prod_TAzNBHM7GXPAdN,Code Review & Optimization,2025-10-04 21:53,Comprehensive code review and performance optimization,,
prod_TAc342aEH7ls2g,Code Review & Optimization,2025-10-03 21:47,Comprehensive code review and performance optimization,,
prod_TAbs7eWltCDZvq,Technical Consultation,2025-10-03 21:37,Technical architecture consultation and guidance,,
prod_TAbmlds9G1ZcQC,Code Review & Optimization,2025-10-03 21:30,Comprehensive code review and performance optimization,,
prod_TAajMizyZHJv2K,Emergency Support,2025-10-03 20:25,Urgent technical support and issue resolution,,
prod_TAaV8DtiMPFLMJ,Feature Development,2025-10-03 20:11,Custom feature development and implementation,,
prod_TAaQzNyzJCltLP,Feature Development,2025-10-03 20:06,Custom feature development and implementation,,
prod_TAaPFntY7c4AvN,Feature Development,2025-10-03 20:05,Custom feature development and implementation,,
prod_T7Zj3nxLMfio35,Emergency Support,2025-09-25 19:11,Urgent technical support and issue resolution,,
prod_T7ZZywri18d8Mr,Emergency Support,2025-09-25 19:02,Urgent technical support and issue resolution,,
prod_T7YuL4XRC1Ciw0,Technical Consultation,2025-09-25 18:21,Technical architecture consultation and guidance,,
prod_T7YdE2OmrKYuLD,Technical Consultation,2025-09-25 18:03,Technical architecture consultation and guidance,,
prod_T7YWdFvAWRsOWK,Bug Fix & Debugging,2025-09-25 17:56,Critical bug resolution and debugging services,,
